<?xml version="1.0" encoding="UTF-8"?>
<!DOCTYPE mapper
        PUBLIC "-//mybatis.org//DTD Mapper 3.0//EN"
        "http://mybatis.org/dtd/mybatis-3-mapper.dtd">

<mapper namespace="com.zzx.dao.UserDao">

    <resultMap id="User" type="User">
        <id property="id" column="user_id"/>
        <result property="name" column="user_name"/>
        <result property="password" column="user_password"/>
        <result property="mail" column="user_mail"/>
        <result property="reward" column="user_reward"/>
        <result property="state" column="user_state"/>
        <result property="login.ip" column="login_ip"/>
        <result property="login.time" column="login_time"/>
    </resultMap>

    <select id="findUserByName" parameterType="String" resultMap="User">
        SELECT user_id , user_name,user_password,user_mail,user_state,user_reward
        from user
        WHERE user_name = #{value}
    </select>

    <select id="findUserByMail" parameterType="String" resultMap="User">
        SELECT user_id , user_name,user_password,user_mail,user_state
        from user
        WHERE user_mail = #{value}
    </select>

    <!--主键自增，保存完后会自动返回主键id -->
    <insert id="saveUser" parameterType="User" useGeneratedKeys="true" keyProperty="id" keyColumn="user_id">
        INSERT INTO user VALUES (null,#{name},#{password},#{mail},#{state},#{reward})
    </insert>


    <select id="findUserById" parameterType="Integer" resultMap="User">
        SELECT user_id , user_name,user_password,user_mail,user_state
        from user
        WHERE user_id = #{value}
    </select>

    <select id="getUserCount" resultType="Long">
        SELECT COUNT(1)
        FROM user
    </select>

    <select id="findUser" resultMap="User">
        SELECT u.user_id,user_name,user_mail,user_state,user_reward,l.login_ip,l.login_time
        FROM user u LEFT JOIN login l on u.user_id = l.user_id
        LIMIT #{start},#{showCount}
    </select>

    <select id="searchUserByName" resultMap="User">
        SELECT u.user_id,user_name,user_mail,user_state,user_reward,l.login_ip,l.login_time
        FROM user u LEFT JOIN login l on u.user_id = l.user_id
        WHERE user_name LIKE '%${userName}%'
        LIMIT #{start},#{showCount}
    </select>


    <select id="getUserCountByName" parameterType="String" resultType="Long">
        SELECT COUNT(1)
        FROM user
        WHERE user_name LIKE '%${value}%'
    </select>

    <update id="updateUser" parameterType="User">
        UPDATE user
        <set>
            <if test="name!=null">
                user_name = #{name},
            </if>
            <if test="password!=null">
                user_password = #{password},
            </if>
            <if test="mail!=null">
                user_mail = #{mail},
            </if>
            <if test="state!=null">
                user_state = #{state},
            </if>
            <if test="reward!=null">
                user_reward = #{reward},
            </if>
        </set>
        WHERE user_id = #{id}
    </update>


</mapper>